<?xml version="1.0" encoding="UTF-8" ?>

<beans xmlns="http://www.springframework.org/schema/beans"
	xmlns:xsi="http://www.w3.org/2001/XMLSchema-instance" 
	xmlns:p="http://www.springframework.org/schema/p"  
	xmlns:context="http://www.springframework.org/schema/context" 
	xmlns:mvc="http://www.springframework.org/schema/mvc"
	xmlns:util="http://www.springframework.org/schema/util"
	xmlns:aop="http://www.springframework.org/schema/aop"
	xsi:schemaLocation="
        http://www.springframework.org/schema/beans 
        http://www.springframework.org/schema/beans/spring-beans.xsd
        http://www.springframework.org/schema/context 
        http://www.springframework.org/schema/context/spring-context.xsd
        http://www.springframework.org/schema/util
        http://www.springframework.org/schema/util/spring-util.xsd 
        http://www.springframework.org/schema/mvc 
        http://www.springframework.org/schema/mvc/spring-mvc.xsd
        http://www.springframework.org/schema/aop 
	    http://www.springframework.org/schema/aop/spring-aop.xsd"
		>

	<mvc:resources mapping="/resources/**" location="/resources/" /> 
	
	<mvc:annotation-driven />
	<context:annotation-config/>
	<context:component-scan base-package="com.fdmgroup.controller" />
	
	<mvc:interceptors>
		<bean id="localeChangeInterceptor"
			class="org.springframework.web.servlet.i18n.LocaleChangeInterceptor">
			<property name="paramName" value="lang" />
		</bean>	
	</mvc:interceptors>
	
		<!-- Configuring interceptors based on URI -->
	<mvc:interceptors>	
		<mvc:interceptor>

	        <mvc:mapping path="/**"/>
	        <mvc:mapping path="/**/*.jsp"/>
	        <mvc:exclude-mapping path="/"/>
	        <mvc:exclude-mapping path="/resources/**"/>
	        
	        <mvc:exclude-mapping path="/login"/>
	        <mvc:exclude-mapping path="/register"/>
	        <mvc:exclude-mapping path="/forgotPassword"/>
	        <mvc:exclude-mapping path="/search"/>
<!-- 	        <mvc:exclude-mapping path="/{[0-9]+}"/> -->
			<mvc:exclude-mapping path="/show/*"/>
			<mvc:exclude-mapping path="/adminlogin"/>
			<mvc:exclude-mapping path="/adminpanel"/>
			<mvc:exclude-mapping path="/logoutAdmin"/>
			<mvc:exclude-mapping path="/showpost/*"/>
			<mvc:exclude-mapping path="/post/report/*"/>

	        <ref bean="authInterceptor" />
    	</mvc:interceptor>
	</mvc:interceptors>
	
	<bean id="authInterceptor" class="com.fdmgroup.controller.AuthenticationInterceptor"></bean>
          
	<bean
		class="org.springframework.web.servlet.view.InternalResourceViewResolver">
		<property name="viewClass"
			value="org.springframework.web.servlet.view.JstlView" />
		<property name="prefix" value="/WEB-INF/views/" />
		<property name="suffix" value=".jsp" />
	</bean>

</beans>